substituent,canonical_smiles,DV_C,DV_n,examples
NHCOO(CH2)3CH3,CC(CC1=CC2=C(C=C1)OCO2)NC,0.526,-3.2,31346
NHCOCH(Me)2,CC(C(=O)C1=CC=CC=C1)NC,1.405,-1.8,14594
N(COMe)2,C1C(CC2=CC3=C(C=C21)OCO3)N,9.563,9.0,14499
NHCONHEt,C1COC(CN1)C2=CC=CC=N2,-1.921,-5.8,14205
C(OMe)3,COC1=C(C=C(C=C1)CCO)OC,-0.038,0.3,13497
NHCOOEt,C1=CC=C(C=C1)CC(C(=O)O)N,0.715,-3.0,11881
O(CH2)4CH3,CCCC1C2CC(C1C=O)C=C2,-1.356,-6.2,11818
NHCOC6H4-4OMe,C1=CC=C(C=C1)C(C(=NO)C2=CC=CC=C2)O,-0.164,-3.4,11237
(CH2)4NMe2,CC(CCC=C(C)C)CC=CC#N,-1.419,-2.4,11100
CH2C(OH)(Me)2,C1CC2CC1C3C2C(C=C3)O,-3.239,-3.7,10908
CH=CHCOOEt,CC(=C)C(=O)OCC1=CC=CC=C1,4.668,4.9,10783
COC(Me)3,CC(C#C)(C1CC2CC1C=C2)O,5.672,7.6,9276
CH=NNHCOC6H5,C1=CC=C(C=C1)C=CC=NN=CC2=CC=CO2,4.229,4.3,8360
CH2NHCOMe,C1C(C(C2=CC=CC=C21)O)N,3.852,2.5,8263
NH(CH2)3CH3,CC(CC1=CC=CC=C1)NC,-5.686,-11.6,7549
CH2CH(OH)Me,CC1C2CC(C1C=O)C=C2,1.217,0.3,6421
N=CHC6H4-4-OMe,C1C2C1C3C4C(C2C5=CC=CC=C35)C(=O)N4,-1.984,-3.8,6403
N=NNMe2,CC1CC1C2=NC=CC(=N2)N,-4.368,-5.6,6250
N=C(Me)NHC6H5,C1C2C1(CNC2)C3=C4C=CC=NC4=CC=C3,-3.552,-6.6,6116
NHCOOMe,CC(=O)NC1=CC=C(C=C1)O,1.342,-2.4,6079
(CH2)6CH3,CC1=CCCC=CCCC=CCC1,-2.297,-3.2,6020
CH2C(Me)3,CC1=CC(=CC=C1)C(C)(C)C,-2.235,-2.9,5887
N(C3H7)2,CC(CCC=C(C)C)CC=CC#N,-6.941,-12.9,5824
CH=NNHCONHNH2,C1=CC=C(C=C1)C=NN=C(N)NO,4.543,3.8,5767
O(CH2)3CH3,C1CC2CC1C3C2C(C=C3)O,-1.042,-5.9,5677
CH2NMe2,CC(CC1=CC=CC=C1)N,-2.109,-2.6,5579
COCHMe2,C1C2C=CC1C3C2C=CC3O,6.802,8.9,5448
CH2CH(me)2,C1CC2CC1C3C2C=CC3,-2.109,-3.0,5302
COOEt,C1=CC=C(C=C1)CCC(=O)O,5.358,7.5,5131
SO2NMe2,CS(=O)CC(C1=CC=CC=N1)O,13.641,14.5,4658
SO2NHC6H5,CC1C(SC2=CC=CC3=C2C1=CN3)C(=O)O,15.147,15.8,4632
CH=CHCOC6H4-4NO2,C1=CC=C(C=C1)C2C(=NO)C(=O)C3=CC=CC=C3O2,13.202,14.4,4329
NMeCOMe,C1C(C(C2=CC=CC=C21)O)N,0.15,-1.5,4193
1-adamantyl,CC1(C2(C1(C3C2CC3)C4=CC=CC=C4)C)C,-3.671,-4.761,4171
NHCONH2,CNC(=O)C1=CN=CC=C1,0.087,-3.7,4168
CONHC6H5,C1=CC=C(C=C1)C(=O)NC2=CC=CC=C2,8.621,9.3,4130
CH2CONH2,C1C2C=CC1C3C2C(=O)N3,7.492,6.7,4025
N(Et)2,CC(CC1=CC=CC=C1)NC,-6.313,-11.9,4011
NHCSNHEt,CC1=C(C2C(C=C1)SC(=N2)N)C,0.652,-1.8,3761
NHEt,C1=CC=C(C=C1)CCN,-5.498,-11.4,3671
CYCLOHEXENYL,C1CCC(=CC1)C2=CC=CC=C2,-2.688,-3.384,3600
CH(OH)Me,CC(C1=CC=CC=C1)O,3.413,1.0,3569
C6H4-4CMe3,CC1(C2(C1(C3C2C=C3)C4=CC=CC=C4)C)C,-0.603,-1.2,3397
OCH2CH2CH3,CC1C2CC(C1C=O)C=C2,-1.105,-6.0,3378
OCHMe2,CC1C2CC(C1C=O)C=C2,-1.482,-6.5,3378
CH2CH2CH3,CC(C)C1=CC=CC=C1,-2.172,-3.1,3372
C(Et)3,CC1=CCCC=CCCC=CCC1,-3.113,-4.0,3210
(CH2)4CH3,CCCC=CC=CC=CC=C,-2.235,-3.2,3129
C(Et)(Me)2,CCCC=CC=CC=CC=C,-3.239,-4.2,3129
cyclopentyl,CC1C=CC2C1C3CC2C=C3,-2.674,-3.7,3126
NHSO2Me,CC1=CC=C(C=C1)S(=O)(=O)N,9.312,6.2,2971
C(Me)(NO2)2,CN1C(=O)C2CC(=O)NC(=O)C2C1=O,15.336,16.5,2941
N=NC6H5,C1=CC=C(C=C1)N=NC2=CC=CC=C2,7.053,6.1,2846
(CH2)3CH3,C1CC2CC1C3C2C=CC3,-2.172,-3.2,2820
C(Me)3,C1CC2CC1C3C2C=CC3,-2.925,-3.9,2820
CH(Me)(Et),C1CC2CC1C3C2C=CC3,-2.172,-3.2,2820
COOCH(C6H5)2,C1=CC=C2C3C4C=CC=CC4C(C2=C1)C5C3C(=O)C=CC5=O,6.063,8.032,2763
C6H4-3NO2,C1=CC=C(C=C1)C=CC=C(C#N)C(=O)O,8.496,8.1,2731
CH2CH2COOH,C1=CC=C(C=C1)CCC(=O)O,0.526,-0.3,2622
CH2OCOMe,C1=CC=C(C=C1)CCC(=O)O,5.86,4.4,2622
CH2OC6H5,C1=CC=C(C=C1)C(C2=CC=CC=C2)O,3.099,1.7,2549
CH=CHNO2,C(#N)C1C2C1C3C(O3)C4C2O4,16.402,17.8,2532
COEt,CCC(=O)C1=CC=CC=C1,6.927,8.9,2510
CH=CHCOMe,C1C2C=CC1C3C2C=CC3=O,7.868,8.8,2502
cyclobutyl,C1C=CC2C1C3CC2C=C3,-2.737,-3.9,2500
SN(Me)2,C1CC2CC1CC2N=C=S,5.17,6.1,2492
C6H4-4CHMe2,CC(C)C1=CC=C(C=C1)C2=CC=CC=C2,-0.54,-1.2,2454
CH=NNHCSNH2,C1=CC=C(C=C1)C=NNC(=S)N,10.127,10.3,2361
N(Me)SO2Me,CS(=O)CC(C1=CC=CC=N1)O,3.539,3.9,2348
NHSO2C6H5,C1=CC=C(C=C1)NS(=O)(=O)C2=CC=CC=C2,3.601,4.8,2318
COOMe,C1=CC=C(C=C1)CC(=O)O,6.049,8.2,2294
NHNO2,C1=CC(=CC(=C1)[N+](=O)[O-])N,12.826,11.0,2272
N(C6H5)2,C1=CC=C(C=C1)N(C2=CC=CC=C2)C3=CC=CC=C3,0.526,-2.3,2082
NHNH2,C1C2C1C(NC2)C#N,-5.874,-11.2,2079
NHCOC6H5,C1=CC=C(C=C1)C(=O)NC2=CC=CC=C2,1.593,-1.5,2067
Et,CCC1=CC=CC=C1,-2.799,-4.0,2061
CONHMe,C1C2C=CC1C3C2C(=O)N3,5.547,6.4,2052
NHCOMe,C1C2C=CC1C3C2C(=O)N3,1.782,-1.4,2052
NHCOCH2Cl,C1C2CC(C1C3C2O3)(C#N)Cl,4.605,2.0,2039
NHOH,C1=CC(=CC=C1N)O,-0.478,-5.1,2003
C6H4-4Et,CC1=CC=C(C=C1)C2=CC=C(C=C2)C,-0.478,-1.1,1966
SO2Et,CCOC(=O)C1C2C1SC=C2,15.273,16.1,1966
NHC6H5,C1=CC=C(C=C1)NC2=CC=CC=C2,0.024,-4.8,1958
N(Me)2,C1=CC=C(C=C1)CCN,-6.439,-12.3,1954
CH2OMe,CC(C1=CC=CC=C1)O,4.605,0.6,1871
OCH2CH3,CC(C1=CC=CC=C1)O,-0.917,-5.8,1871
isopropyl,CC(C)C1=CC=CC=C1,-2.297,-3.3,1776
COOC6H5,CC#CC#CC=C1C=CC2(O1)CC=CO2,7.806,10.0,1768
CH2NH2,C1=CC=C(C=C1)CN,-2.988,-3.5,1761
1-CYCLOPENTENYL,C=CC1CC1C2=CC=CC=C2,-1.589,-2.155,1710
SO2NH2,C1=CC=C(C=C1)S(=O)(=O)N,17.093,17.5,1664
5-pyrimidinyl,C1=CC=NC(=C1)C2=CC=CC=N2,8.759,8.291,1654
CH=CHCOC6H5,C1=CC=C(C=C1)C=CC(=O)C2=CC=CC=C2,7.492,8.4,1648
NHCSNH2,C1CC2C1N3C=CN=C3S2,4.354,1.0,1641
CH=NC6H5,CN1C2=CC=CC=C2C3=CC=CC=C31,7.492,9.0,1564
CSNHMe,C1C2CC(C1C=C2)N=C=S,6.488,7.0,1543
N(Me)COCF3,C1C(CN1)OC2=C(C(=CC(=C2)F)F)F,12.614,12.304,1467
2-AZIRIDINYL,C1C2CC(C1C=C2)C#N,3.702,1.682,1459
CH(C6H5)2,CC1=CC=C(C=C1)C2=CC=C(C=C2)C3=CC=CC=C3,-0.729,-1.4,1457
CH2OH,C1=CC=C(C=C1)CO,-2.737,-3.8,1442
CONH2,C1=CC=C(C=C1)C(=O)N,7.053,8.1,1413
SO2C6H5,C1=CC=C(C=C1)S(=O)(=O)C2=CC=CC=C2,13.641,14.4,1343
OSO2C6H5,C1=CC=C2C(=C1)OC3C=CC=CC3S2(=O)=O,4.166,4.4,1299
OCH2CH=CH2,CCC(=O)C1=CC=CC=C1,0.087,-4.8,1291
cyclopropyl,CCC(=O)C1=CC=CC=C1,-1.858,-2.4,1291
C(Me)=CH2,CC=CC1=CC=CC=C1,-0.164,-0.5,1284
C6H4-4OMe,C1=CC=C(C=C1)C(C2=CC=CC=C2)O,-1.231,-2.0,1283
CH(OH)C6H5,C1=CC=C(C=C1)C(C2=CC=CC=C2)O,-1.168,-1.0,1283
SC6H4-4NO2,C1=CC=C(C=C1)C=CC=C2C(=O)NC(=O)S2,15.775,16.3,1281
OC6H5,C1=CC=C(C=C1)C2=CC=CC=C2O,3.664,0.0,1276
COMe,CC(=O)C1=CC=CC=C1,7.68,9.7,1183
OCOMe,C1=CC=C(C=C1)CC(=O)O,1.405,1.5,1176
CH=CHC6H5,C1=CC=C(C=C1)C=CC2=CC=CC=C2,-0.791,0.7,1163
1-PYRRYL,C1=CC=C2C(=C1)C=CC=C2N,6.654,4.054,1143
SOC6H4-4NO2,C1=CC=C(C=C1)S(=O)C2=CC=C(C=C2)[N+](=O)[O-],17.03,16.2,1035
C6H4-4Me,C1=CC=C(C=C1)CC2=CC=CC=C2,-0.54,-1.2,1009
COC6H5,C1=CC=C(C=C1)C(=O)C2=CC=CC=C2,6.613,8.4,998
SO2Me,CS(=O)(=O)C1=CC=CC=C1,16.026,16.8,995
CH2CH2C6H5,CC1=CC=C(C=C1)C2=CC=C(C=C2)C,-2.36,-3.1,989
4-PYRIDYL,C1=CC=C(C=C1)C2=CC=CC=N2,6.358,6.101,981
OSO2Me,CC1=CC=C(C=C1)S(=O)(=O)O,7.68,6.3,954
Me,CC1=CC=CC=C1,-2.109,-3.3,951
NHMe,C1=CC=C(C=C1)CN,-5.121,-11.2,939
CH=CH2,C=CC1=CC=CC=C1,1.405,1.0,913
C(C6H5)3,C1C2C3C4CC5C46C37C28C1C9C81C72C63C5C4C33C22C11C9CC1C2C3C4,-1.329,-1.51,903
OCOC6H5,CC#CC#CC=C1C=CC2(O1)CC=CO2,1.091,2.3,891
SCHMe2,C1C2C=CC1C3C2CSC3,-0.854,4.1,889
SCOMe,C=CS(=O)C1=CC=CC=C1,12.01,12.3,881
SOC6H5,C1=CC=C(C=C1)SC2C3C4C3C4C2=O,9.249,8.5,847
NO2,C1=CC(=CN=C1)C(=O)O,19.917,21.2,839
NH2,C1=CC=C(C=C1)N,-3.239,-9.0,838
2-pyrimidinyl,C1=CC=C(C=C1)C2=NC=NC=C2,-0.667,1.033,837
3-PYRIDAZINYL,C1=CC=C(C=C1)C2=NC=NC=C2,3.193,4.615,837
4-pyrimidinyl,C1=CC=C(C=C1)C2=NC=NC=C2,5.311,7.006,837
NHCN,C1=CC=C2C(=C1)NC=N2,10.567,5.9,829
ONO2,C1=CC(=CC=C1[N+](=O)[O-])O,14.018,13.4,825
SOMe,CS(=O)C1=CC=CC=C1,10.441,9.6,809
CH=CHCHO,C1=CC=C(C=C1)C=CC=O,5.17,8.1,799
COOH,C1=CC=C(C=C1)C(=O)O,8.559,10.9,789
N=CHC6H5,CN1C2=CC=CC=C2C3=CC=CC=C31,0.275,-1.3,784
NHCSMe,C1C2CC(C1C=C2)N=C=S,3.79,3.1,783
SCH2CH=CH2,CC1C(S1)C2=CC=CC=C2,7.115,4.8,766
1-AZIRIDINYL,C1C2CC(C1C=C2)C#N,-1.675,-5.566,761
NHCOCF3,C1=CC=C(C=C1)C(=NO)C(F)(F)F,10.943,8.2,751
CH=NOH,C1=CC=C(C=C1)C(=O)N,4.08,4.717,730
NHCHO,C1=CC=C(C=C1)C(=O)N,5.17,1.3,730
N3,C1=CC=C(C=C1)N=[N+]=[N-],4.543,5.4,707
N(SO2Me)2,C1C(O1)COC(=S)NC2CS(=O)(=O)C=C2,10.253,10.8,696
CH2SCN,CC1=NC2=CC=CC=C2S1,11.006,9.6,695
CSNH2,C1=CC=C(C=C1)C(=S)N,8.308,9.2,685
2-furyl,C1=CC=C2C=C(C=CC2=C1)O,1.453,0.183,677
CH2CH=CH2,CC=CC1=CC=CC=C1,-0.917,-1.6,670
SEt,CSCC1=CC=CC=C1,1.028,-2.2,628
SO2CN,C1=CC=C(C=C1)S(=O)(=O)C#N,27.007,28.3,603
OCH=CH2,CC(=O)C1=CC=CC=C1,1.154,0.7,602
OXIRANYL,CC(=O)C1=CC=CC=C1,2.553,1.355,602
N(Me)SO2CF3,C1C(NOC1(C(F)(F)F)O)C2=CC=CS2,11.884,11.2,578
S(O)OH,C1=CSC2C1C2C(=O)O,14.834,15.0,549
C6H4-4NO2,C1=CC(=CC=C1C(=O)O)[N+](=O)[O-],10.378,10.2,533
Si(OEt)3,CC1C2C=CC(O2)(C(C1=O)C)O[Si](C)(C)C,-0.227,0.8,532
CH2CN,C1=CC=C2C(=C1)C=CN2,7.868,6.7,526
PO(OPr)2,CCOP(=O)(C(C)C1=CC=CC=C1)OCC,6.927,8.6,517
CH2C6H5,C1=CC=C(C=C1)CC2=CC=CC=C2,-0.917,-1.8,511
PO(OEt)2,CCOP(=O)(C1=CC=CC=C1)OCC,6.111,7.8,508
S(O)OMe,CS(=O)(=O)C1=CC=CC=C1,10.378,10.7,503
2-PYRIDYL,C1=CC=C(C=C1)C2=CC=CC=N2,0.512,0.254,494
3-PYRIDYL,C1=CC=C(C=C1)C2=CC=CC=N2,4.685,4.054,494
CH2PO(OEt)2,CCOP(=O)(CC1=CC=CC=C1)OCC,-1.544,-2.0,493
CH2OSi(CH3)3,C[Si](C)(C)C(C1=CC=CC=C1)O,-3.678,-4.8,470
OCF2CHFCl,C1=CC(=CC=C1C(C(F)(F)F)O)Cl,11.759,10.0,454
C≡CMe,C1C=CC2=CC=CC=C21,0.777,1.3,442
CH=CHCN,C1=CC=C2C(=C1)C=CC=N2,13.202,13.9,440
OCH2Cl,C1C2C=CC1C(=O)C2Cl,0.715,2.2,432
OCF2CHF2,C1=CC2C3C(C1O2)C(C3(F)F)(F)F,11.947,10.1,427
PO(OC4H9)2,CCC(C)OP(=O)(C1=CC=CC=C1)OC(C)CC,7.115,8.7,422
CH=C(CN)2,C1=CC2(C3C2C1C(=C3)C#N)C#N,20.23,22.8,419
NO,C1=CC=C(C=C1)N=O,16.277,19.2,416
S(OMe),CS(=O)C1=CC=CC=C1,5.045,3.2,409
NHSO2CF3,C1=CC(=C(C=C1S(=O)C(F)(F)F)N)O,9.876,10.3,406
CHO,C1=CC=C(C=C1)C=O,11.445,13.8,403
OCN,C1=CC(=CC=C1C#N)O,18.034,14.2,401
PO(OMe)2,COP(=O)(C1=CC=CC=C1)OC,7.053,8.8,397
C≡CC6H5,C1=CC=C2C(=C1)C=CC3=CC=CC=C32,3.601,3.9,393
PO(Et)2,CC(C)P(=O)(C)C1=CC=CC=C1,6.237,7.1,387
CH2SO2CF3,C1=CSC(=C1)C(=CC(C(F)(F)F)O)O,12.324,12.5,385
5-chloro- 1-tetrazolyl,C1=CC=C(C=C1)N2C(=NN=N2)Cl,19.175,18.615,377
OCOCF3,C1=CC(=CC=C1C(=O)O)C(F)(F)F,14.52,12.2,373
SSO2Me,C1C2C=CC=CC1S(=O)S2=O,12.951,14.0,373
SCH=CH2,C=CSC1=CC=CC=C1,6.927,7.5,352
P(isopropyl)2,CCC1CC(P1C2=CC=CC2)CC,6.237,1.8,350
P(Et)2,CC1=C(C2C3CCP2C1C3)C,0.526,1.3,344
CH2SOCF3,CC1=CC=C(C=C1)S(=O)C(F)(F)F,11.445,11.2,339
OCF2CF3,CC(C1=C(C(=C(C(=C1F)F)F)F)F)O,13.83,12.0,330
SiMe(OMe)2,C[Si](C)(C)C#CC(CC#C)O,3.099,2.4,327
C≡CH,C#CC1=CC=CC=C1,5.986,5.7,316
OCHCl2,C1C=CC2C1C(=O)C2(Cl)Cl,11.32,7.4,316
P(O)Me2,CP(CO)C1=CC=CC=C1,6.927,7.8,307
C(OH)(CF3)2,C=CCOC1(C(C(=C(C(=C1F)F)F)F)F)F,8.998,9.3,305
SMe,CSC1=CC=CC=C1,1.719,-1.5,303
SC6H5,C1=CC=C(C=C1)SC2=CC3C4C3C42,5.986,5.9,301
P(CMe3)2,C1CC2CC1CC2PC3CC4CCC3C4,4.103,1.5,282
PO(isopropyl)2,CC(C)(C)P(C)C1=CC=CC=C1OC,5.484,6.5,277
N(CF3)2,C1=C(C=C(C(=C1F)C(C(F)(F)F)N)F)F,14.959,15.2,269
CH=NSO2CF3,C1=CC=C(C=C1)C=NS(=O)(=O)C(F)(F)F,20.732,23.7,267
OCHF2,C1=CC=C(C=C1)OC(F)F,11.069,7.5,258
OCH2F,COC1=CC=C(C=C1)F,4.543,1.4,252
PO(C6H4-4Me)2,CC(C1=CC=CC=C1)P(=O)(C2=CC=CC=C2)C3=CC=CC=C3,8.559,5.2,237
CH2CF3,CC1=CC=C(C=C1)C(F)(F)F,1.091,5.7,234
COCF3,C1=CC=C(C=C1)C(=O)C(F)(F)F,18.285,19.6,233
OC6H4-4F,C1=CC=C(C=C1)OC2=CC=C(C=C2)F,1.593,0.8,230
SO2CF3,C1=CC=C(C=C1)S(=O)(=O)C(F)(F)F,23.242,24.8,207
SH,C1=CC=C(C=C1)S,2.597,1.5,206
N=C=O,C1=CC=C(C=C1)N=C=O,9.437,7.1,204
OSO2CF3,C1=CC=C(C=C1)OS(=O)(=O)C(F)(F)F,15.963,14.0,199
CH2Cl,C1=CC=C(C=C1)CCl,4.041,2.7,198
PO(C6H5)C6H4-4Me,C1=CC=C(C=C1)C(O)P(C2=CC=CC=C2)C3=CC=CC=C3,5.045,6.1,193
SiMe3,C[Si](C)(C)C1=CC=CC=C1,-1.733,-0.9,193
OCCl3,COC1=C(C=C(C=C1Cl)Cl)Cl,12.637,11.1,189
SO2CHF2,C1=CC=C(C=C1)S(=O)(=O)C(F)F,21.736,23.0,187
N=NCF3,C1=C(C=C(C(=C1F)C=NN)F)F,16.779,19.3,185
SO2Cl,C1=CC=C(C=C1)S(=O)(=O)Cl,24.246,25.2,185
OCF3,C1=CC=C(C=C1)OC(F)(F)F,12.01,8.3,183
SCH =CH2,C=CSC1=CC=CC=C1,3.852,4.1,179
SCN,C1=CC=C2C(=C1)N=CS2,16.779,17.1,179
PO(C4H9)2,CCCC1OP1C2(C(=C(C(=C2C)C)C)C)C,6.174,7.1,177
SOCF3,C1=CC=C(C=C1)S(=O)C(F)(F)F,17.093,17.1,177
Si(Me)2OMe,C[Si](C)(C)C#CC(CC#C)O,1.217,0.9,176
OSiMe3,C[Si](C)(C)C#CC(CC#C)O,-0.666,-4.2,175
CH2Br,C1=CC=C(C=C1)CBr,5.735,2.9,171
NC,C1=CC=C(C=C1)C#N,15.336,14.3,168
PMe2,CP(C)C1=CC=CC=C1,4.982,0.7,166
Si(OMe)3,CO[Si](C1=CC=CC=C1)(OC)OC,3.162,2.4,152
CF2CF3,C1=CC=C(C=C1)C(C(F)(F)F)(F)F,13.955,14.7,151
CH2SCF3,C1=CC=C(C=C1)CSC(F)(F)F,8.245,8.1,150
C(NO2)3,CC1=C(C=C(C=C1[N+](=O)[O-])[N+](=O)[O-])[N+](=O)[O-],23.556,25.1,147
CHCl2,CC1=C(C=C(C=C1)Cl)Cl,9.814,10.0,140
CF2CF2C6H4-4F,C1=CC=C(C=C1)C(C(C2=CC=C(C=C2)F)(F)F)(F)F,11.571,12.3,139
SOCHF2,CS(=O)C1=C(C=C(C=C1)F)F,16.842,16.2,139
Si(C6H5)Me2,C[Si](C)(C1=CC=CC=C1)C2=CC=CC=C2,-1.733,-0.7,136
C6H4-3Br,C1=CC=C(C=C1)C2=CC=C(C=C2)Br,4.794,3.7,135
P(N(Me)2)2,CN(C)P(C1=CC=CC=C1)N(C)C,-2.046,-1.9,134
C(CN)3,C1=CC=C(C=C1)C(C#N)(C#N)C#N,23.556,23.0,133
SiH(Me)2,C[SiH](C)C1=CC=CC=C1,-0.603,0.3,133
SCH=CHCl,C1=CC=C(C=C1)SC=CCl,3.79,3.8,131
C6H4-3Cl,C1=CC=C(C=C1)C2=CC=C(C=C2)Cl,4.166,3.6,125
N=CCl2,C1=CC=C(C=C1)N=C(Cl)Cl,7.68,5.9,125
SiMe(C6H5)2,C[Si](C1=CC=CC=C1)(C2=CC=CC=C2)C3=CC=CC=C3,-1.042,0.2,125
SCF2CHF2,C1=CC=C(C=C1)SC(C(F)F)(F)F,9.876,10.7,123
C6Cl5,C1=CC=C(C=C1)C2=C(C(=C(C(=C2Cl)Cl)Cl)Cl)Cl,7.555,7.4,117
PO(C6H5)2,C1=CC=C(C=C1)P(=O)(C2=CC=CC=C2)C3=CC=CC=C3,5.86,6.9,115
CH2F,CC1=CC=C(C=C1)F,4.919,1.8,114
SC=CH,C1=CC=C2C(=C1)C=CS2,6.553,4.078,110
CF2CF2CF3,C1C(=CF)C2(C=CC1(C(C2(F)F)(F)F)F)F,14.645,15.3,109
COF,C1=CC(=CC=C1C=O)F,15.775,18.4,109
SCHF2,C1=CC=C(C=C1)SC(F)F,8.308,9.1,109
cyclohexyl,CC1CCC1[CH2],-2.799,-3.8,108
"C6H2-2,4,6(NO2)3",C1C2=C(C(C(=C(O2)N)C#N)C3=CC=C(O3)[N+](=O)[O-])C(=O)O1,16.34,16.2,101
CH2PO(C6H5)2,C1=CC=C(C=C1)CP(=O)(C2=CC=CC=C2)C3=CC=CC=C3,-2.109,-2.5,99
P(C6H5)2,C1=CC=C(C=C1)P(C2=CC=CC=C2)C3=CC=CC=C3,1.279,1.7,99
CF3,C1=CC=C(C=C1)C(F)(F)F,13.641,13.7,96
SOF,C1=CC=C(C=C1)S(=O)F,18.16,18.8,93
N=C=S,C1=CC=C2C(=C1)N=CS2,11.696,10.0,92
CHBr2,C1=CC(=CC=C1CBr)Br,9.688,9.9,91
PO(CMe3)2,CC(C)(C)P(=O)(C1=CC=CC=C1)C(C)(C)C,4.292,5.5,91
SCOCF3,C1=CSC(=C1)C=CC(=O)C(F)(F)F,14.834,15.5,91
CHF2,C1=CC=C(C=C1)C(F)F,12.575,10.4,90
SiH3,C1=CC=C(C=C1)[SiH3],4.794,3.5,90
SCH2F,C1=CC=C(C=C1)SCF,6.739,6.2,87
Cl,C1=CC=C(C=C1)Cl,9.312,7.0,86
PO(OH)2,C1=CC=C(C=C1)P(=O)(O)O,9.374,11.1,86
C6H4-3F,C1=CC=C(C=C1)C2=CC=C(C=C2)F,3.915,3.3,85
CF=CFCF3,C1=CC=C(C=C1)C(=C(C(F)(F)F)F)F,13.641,14.6,83
PH2,C1=CC=C(C=C1)P,6.802,4.0,83
SCF3,C1=CC=C(C=C1)SC(F)(F)F,12.613,13.517,81
Br,C1=CC=C(C=C1)Br,9.5,7.6,80
CClF2,C1=CC=C(C=C1)C(F)(F)Cl,12.951,13.3,79
N=NPO(OEt)2,CCOP(=O)(N=NC1=CC=CC=C1)OCC,13.077,13.8,78
C(CN)=C(CN)2,C1=CC=C(C=C1)C(=C(C#N)C#N)C#N,24.874,27.0,77
C=CCF3,C1=CC=C(C=C1)C#CC(F)(F)F,14.708,15.6,77
SCF2CF3,C1=CC=C(C=C1)SC(C(F)(F)F)(F)F,11.884,13.9,74
C6H4-4Br,C1=CC=C(C=C1)C2=CC=C(C=C2)Br,4.041,3.5,70
C6H4-4Cl,C1=CC=C(C=C1)C2=CC=C(C=C2)Cl,4.103,3.3,65
P(S)Et2,CC1=C(C2C3CCP2(=S)C1C3)C,8.433,9.2,64
B(OH)2,B(C1=CC=CC=C1)(O)O,6.739,7.7,62
CF(CF3)2,C1=CC=C(C=C1)C(C(F)(F)F)(C(F)(F)F)F,13.202,13.8,57
F,C1=CC=C(C=C1)F,4.166,5.1,57
SiCIMe2,C[Si](C)(C1=CC=CC=C1)Cl,4.417,4.8,56
Si(NMe2)3,CN(C)[Si](C1=CC=CC=C1)(N(C)C)N(C)C,0.777,0.6,55
CCl3,C1=CC=C(C=C1)C(Cl)(Cl)Cl,11.32,11.7,53
SCl,C1=CC=C(C=C1)SCl,13.641,15.9,53
(CF2)3CF3,C1=CC=C(C=C1)C(C(C(C(F)(F)F)(F)F)(F)F)(F)F,14.645,15.3,51
C6F5,C1=CC=C(C=C1)C2=C(C(=C(C(=C2F)F)F)F)F,9.563,9.8,49
SeCH2CH=CH2,CC=C[Se]C1=CC=CC=C1,9.123,5.0,49
SF3,C1=CC=C(C=C1)S(F)(F)F,20.544,22.5,47
C6H4-4F,C1=CC=C(C=C1)C2=CC=C(C=C2)F,2.221,2.5,45
CBr3,C1=CC=C(C=C1)C(Br)(Br)Br,10.692,11.2,45
N(SO2CF3)2,C1=CC=C(C=C1)N(S(=O)(=O)C(F)(F)F)S(=O)(=O)C(F)(F)F,18.285,19.2,45
PS(C6H5)C6H4-4Me,CC1=CC=C(C=C1)P(=S)(C2=CC=CC=C2)C3=CC=CC=C3,6.3,7.3,45
SiMeCl2,C[Si](C1=CC=CC=C1)(Cl)Cl,8.245,9.6,45
Si(C6H5)3,C1=CC=C(C=C1)[Si](C2=CC=CC=C2)(C3=CC=CC=C3)C4=CC=CC=C4,1.028,0.4,43
PS(C6H4-4Me)2,C1=CC=C(C=C1)P(CCSC2=CC=CC=C2)C3=CC=CC=C3,5.421,6.5,42
SeCH=CH2,C=C[Se]C1=CC=CC=C1,3.413,3.6,40
SiCl3,C1=CC=C(C=C1)[Si](Cl)(Cl)Cl,12.763,14.4,34
Ge(Et)3,CC[Ge](CC)(CC)C1=CC=CC=C1,-2.046,-1.6,33
N=C(CF3)2,C1=CC=C(C=C1)N=C(C(F)(F)F)C(F)(F)F,13.328,12.5,33
C(CF3)3,C1=CC=C(C=C1)C(C(F)(F)F)(C(F)(F)F)C(F)(F)F,13.453,14.0,28
SiMeF2,C[Si](C1=CC=CC=C1)(F)F,7.304,8.9,27
As(O)Et2,CC[As](=O)(CC)C1=CC=CC=C1,5.831,7.42,25
PS(C6H5)2,C1=CC=C(C=C1)P(=S)(C2=CC=CC=C2)C3=CC=CC=C3,7.115,8.1,25
Si(Me)(OSiMe3)2,C[Si](C)(C)O[Si](C)(C1=CC=CC=C1)O[Si](C)(C)C,-1.921,-0.7,25
SCF2CF2CF3,C1=CC=C(C=C1)SC(C(C(F)(F)F)(F)F)(F)F,13.516,14.5,23
SiFMe2,C[Si](C)(C1=CC=CC=C1)F,5.233,2.9,23
P(Cl)NMe2,CN(C)P(C1=CC=CC=C1)Cl,5.672,6.1,21
SeCN,C1=CC=C(C=C1)[Se]C#N,16.026,16.4,21
GeH3,C1=CC=C(C=C1)[GeH3],5.045,2.6,20
P(CF3)2,C1=CC=C(C=C1)P(C(F)(F)F)C(F)(F)F,15.336,17.2,19
GeMe3,C[Ge](C)(C)C1=CC=CC=C1,-1.795,-1.4,17
PF2,C1=CC=C(C=C1)P(F)F,13.077,14.9,17
SiF3,C1=CC=C(C=C1)[Si](F)(F)F,14.206,16.1,17
BF2,B(C1=CC=CC=C1)(F)F,8.81,12.1,15
POF2,C1=CC=C(C=C1)P(=O)(F)F,20.293,22.2,15
SCF(CF3)2,C1=CC=C(C=C1)SC(C(F)(F)F)(C(F)(F)F)F,13.328,14.3,14
SeCH=CHCl,C1=CC=C(C=C1)[Se]C=CCl,7.304,6.0,13
P(CN)2,C1=CC=C(C=C1)P(C#N)C#N,20.67,21.9,11
AsO(C6H5)2,C1=CC=C(C=C1)[As](=O)(C2=CC=CC=C2)C3=CC=CC=C3,6.333,7.636,9
P(S)Cl2,C1=CC=C(C=C1)P(=S)(Cl)Cl,16.465,19.7,9
OMe,COC1=CC=CC=C1,-0.2,-5.0,7
SC(CF3)3,C1=CC=C(C=C1)SC(C(F)(F)F)(C(F)(F)F)C(F)(F)F,14.206,15.7,7
SF5,C1=CC=C(C=C1)S(F)(F)(F)(F)F,21.799,21.6,7
As(S)Et2,CC[As](=S)(CC)C1=CC=CC=C1,7.61,9.091,5
GeBr3,C1=CC=C(C=C1)[Ge](Br)(Br)Br,14.834,15.6,5
GeCl3,C1=CC=C(C=C1)[Ge](Cl)(Cl)Cl,16.34,17.3,5
GeF3,C1=CC=C(C=C1)[Ge](F)(F)F,20.795,22.0,5
PF4,C1=CC=C(C=C1)P(F)(F)(F)F,18.662,22.1,5
SeCF3,C1=CC=C(C=C1)[Se]C(F)(F)F,11.918,12.744,5
SiBr3,C1=CC=C(C=C1)[Si](Br)(Br)Br,12.01,13.6,5
OH,C1=CC=C(C=C1)O,2.346,-2.0,3
]633;C]633;E;for m in 592868 13334225 12929704 12550549 13799698 9993363 4171287 \x3b do grep ${m} pubchem_data_2023-12-04.csv \x3b done >> add_this_compunds.csv;531dcec0-355c-4642-ab24-161fcc5c05e2SeCH=CHCl,C1=CC=C(C=C1)[Se]C=CCl,7.304,6.0,2
2-thienyl,C1=CC=C(C=C1)C2=CC=CS2,2.427,1.588,2
3-thienyl,C1=CC=C(C=C1)C2=CSC=C2,1.224,0.432,2
As(Et)2,CC[As](CC)C1=CC=CC=C1,0.481,0.45,2
C6H5,C1=CC=C(C=C1)C2=CC=CC=C2,0.715,0.2,2
CH(CN)2,C1=CC=C(C=C1)C(C#N)C#N,17.532,17.0,2
COCl,C1=CC=C(C=C1)C(=O)Cl,16.277,19.1,2
P(O)Cl2,C1=CC=C(C=C1)P(=O)(Cl)Cl,19.226,20.7,2
PCl2,C1=CC=C(C=C1)P(Cl)Cl,14.143,15.6,2
SO2CF2CF3,C1=CC=C(C=C1)S(=O)(=O)C(C(F)(F)F)(F)F,23.242,24.8,2
SO2F,C1=CC=C(C=C1)S(=O)(=O)F,24.271,25.382,2
CH3,CC1=CC=CC=C1,-2.109,-3.3,1
CN,C1=CC=C(C=C1)C#N,17.03,18.0,1
OCH3,COC1=CC=CC=C1,-0.164,-5.0,1
